{"cameraMode":{"drawMode":0,"name":"Shaded","section":"Shading Mode"},"sceneLighting":true,"audioPlay":false,"sceneViewState":{"m_AlwaysRefresh":false,"showFog":true,"showSkybox":true,"showFlares":true,"showImageEffects":true,"showParticleSystems":true,"showVisualEffectGraphs":true,"m_FxEnabled":true},"in2DMode":false,"pivot":{"x":-0.6200604438781738,"y":2.349993944168091,"z":2.4689269065856935},"rotation":{"x":-0.002236949047073722,"y":0.9194371700286865,"z":0.005232463590800762,"w":0.393201619386673},"size":1.038039207458496,"orthographic":false}