{"cameraMode":{"drawMode":0,"name":"Shaded","section":"Shading Mode"},"sceneLighting":true,"audioPlay":false,"sceneViewState":{"m_AlwaysRefresh":false,"showFog":true,"showSkybox":true,"showFlares":true,"showImageEffects":true,"showParticleSystems":true,"showVisualEffectGraphs":true,"m_FxEnabled":true},"in2DMode":false,"pivot":{"x":0.26857221126556399,"y":0.18427513539791108,"z":-0.21695393323898316},"rotation":{"x":-0.0055811419151723389,"y":0.9386960864067078,"z":0.015197071246802807,"w":0.34437239170074465},"size":3.398526191711426,"orthographic":false}