{"cameraMode":{"drawMode":0,"name":"Shaded","section":"Shading Mode"},"sceneLighting":false,"audioPlay":false,"sceneViewState":{"m_AlwaysRefresh":false,"showFog":true,"showSkybox":false,"showFlares":true,"showImageEffects":true,"showParticleSystems":true,"showVisualEffectGraphs":true,"m_FxEnabled":true},"in2DMode":false,"pivot":{"x":-0.33209317922592165,"y":0.02595587819814682,"z":-0.13557109236717225},"rotation":{"x":0.011882579885423184,"y":0.707207441329956,"z":-0.011888474225997925,"w":0.7068104147911072},"size":0.3953031301498413,"orthographic":false}