{"cameraMode":{"drawMode":0,"name":"Shaded","section":"Shading Mode"},"sceneLighting":false,"audioPlay":false,"sceneViewState":{"m_AlwaysRefresh":false,"showFog":true,"showSkybox":false,"showFlares":true,"showImageEffects":true,"showParticleSystems":true,"showVisualEffectGraphs":true,"m_FxEnabled":true},"in2DMode":false,"pivot":{"x":1.163752794265747,"y":0.05102013051509857,"z":0.1978844702243805},"rotation":{"x":0.07634908705949784,"y":0.7455887794494629,"z":-0.08673424273729325,"w":0.6563109755516052},"size":1.260328769683838,"orthographic":false}