{"cameraMode":{"drawMode":0,"name":"Shaded","section":"Shading Mode"},"sceneLighting":false,"audioPlay":false,"sceneViewState":{"m_AlwaysRefresh":false,"showFog":true,"showSkybox":false,"showFlares":true,"showImageEffects":true,"showParticleSystems":true,"showVisualEffectGraphs":true,"m_FxEnabled":true},"in2DMode":false,"pivot":{"x":0.2680000066757202,"y":0.7400000095367432,"z":-0.3619999885559082},"rotation":{"x":0.12375682592391968,"y":0.34332430362701418,"z":-0.04569784179329872,"w":0.929908275604248},"size":1.1966902017593384,"orthographic":false}